Country Name,Country Code,2010,2011,2012,2013,2014,2015,2016,2017,2018,2019,2020,2021,2022
Aruba,ABW,24452.92836,26044.43593,25609.95572,26515.67808,26942.30798,28421.38649,28451.27374,29326.70806,30220.59452,31650.76054,24487.86356,29342.10086,
Africa Eastern and Southern,AFE,1643.605569,1792.907505,1759.182395,1730.394686,1719.183721,1538.552268,1443.692371,1628.586788,1564.73434,1512.270553,1363.540741,1549.77273,
Afghanistan,AFG,554.5952002,621.9123109,663.1410528,651.9878619,628.1468039,592.4765375,520.252064,530.1498308,502.0567706,500.5226641,516.8665522,368.7546142,
Africa Western and Central,AFW,1675.739572,1856.687669,1953.407033,2149.295219,2243.271464,1876.623483,1645.023767,1585.91193,1731.311792,1749.303317,1683.436391,1757.030626,
Angola,AGO,3496.784796,4511.153227,4962.552072,5101.983876,5059.080441,3100.830685,1709.515534,2283.214233,2487.500996,2142.238757,1603.993477,1953.533757,
Albania,ALB,4094.348386,4437.142612,4247.630047,4413.062005,4578.633208,3952.802538,4124.05539,4531.019374,5287.663694,5396.215864,5332.160475,6492.872012,
Andorra,AND,48238.4661,51429.19192,44904.58004,44750.43568,45682.24623,38885.37601,39932.16449,40632.48439,42903.44358,41327.50203,37207.49386,42137.32727,
Arab World,ARB,6385.356001,6826.51552,7327.268826,7307.373017,7276.428999,6245.787785,6062.681557,6132.428354,6474.29534,6384.066321,5545.455246,6271.319001,
United Arab Emirates,ARE,34165.91331,40893.02336,44386.78608,45729.60768,46865.9646,41525.1389,41054.53957,43063.96748,46722.26872,45376.17084,37629.17417,44315.55418,
Argentina,ARG,10385.96443,12848.8642,13082.66433,13080.25473,12334.79825,13789.06042,12790.24247,14613.04182,11795.15939,9963.672506,8496.424142,10636.1202,
Armenia,ARM,3143.029202,3462.681611,3643.715183,3833.157532,4017.229808,3666.141876,3679.951972,4041.995021,4391.923697,4828.505178,4505.867364,4966.513471,
American Samoa,ASM,10446.86321,10495.30473,11920.06109,12038.87159,12313.99736,13101.54182,13300.82461,12372.88478,13195.9359,13672.57666,15501.52634,15743.31076,
Antigua and Barbuda,ATG,13404.51602,13117.14694,13686.47659,13350.14914,14004.81121,14861.88271,15862.65166,16110.55628,17527.16963,18319.45605,14787.63578,15781.3957,
Australia,AUS,52134.30885,62596.43217,68044.71482,68158.57974,62513.41122,56710.44572,49875.56514,53936.14025,57207.87151,54941.43418,51720.37076,60443.10916,
Austria,AUT,46903.76159,51442.27625,48564.91734,50731.12725,51786.37717,44195.81759,45307.58786,47429.15846,51466.55656,50070.40335,48809.22688,53637.70571,
Azerbaijan,AZE,5843.533768,7189.691229,7496.294648,7875.756953,7891.313147,5500.310382,3880.738731,4147.089716,4739.84171,4805.753718,4229.910649,5387.997975,
Burundi,BDI,222.6605892,236.4513537,238.2059494,241.5476708,257.8185519,289.3596333,242.0656705,243.1358094,231.4464765,216.9729681,216.8267413,221.4776762,
Belgium,BEL,44184.94635,47410.56693,44670.56068,46757.95186,47764.07151,41008.29672,42012.62272,44198.48239,47544.98115,46638.68131,45517.79493,51247.01435,
Benin,BEN,1009.489494,1099.414311,1112.569535,1214.295566,1251.504765,1041.652523,1049.820303,1095.274459,1194.438214,1170.965533,1237.949295,1319.154995,
Burkina Faso,BFA,627.2703475,727.6125147,733.9729342,762.3038171,767.3713907,632.1266837,665.7863455,711.1846047,779.2027097,772.1668949,833.2443426,893.0771558,
Bangladesh,BGD,776.8595769,856.3815861,876.8175451,973.7733926,1108.5151,1236.00506,1659.961605,1815.609426,1963.411855,2122.078851,2233.305524,2457.92488,
Bulgaria,BGR,6853.002854,7849.165283,7432.478766,7681.93462,7901.785876,7074.681023,7569.478815,8366.293221,9446.717094,9879.334343,10129.81296,12221.49661,
Bahrain,BHR,21186.81433,23741.55746,25102.72635,25790.73031,25464.7601,22795.44886,22867.18112,24349.90987,25415.84662,25869.11291,23501.91946,26562.96914,
"Bahamas, The",BHS,27046.65767,26644.92658,28059.6554,27389.60197,28720.66219,30206.24043,29887.16488,30969.8762,31738.26716,32610.48505,23862.71099,27478.38963,
Bosnia and Herzegovina,BIH,4507.054433,4981.035681,4688.376623,5025.074597,5196.8608,4599.901029,4858.775926,5255.807058,5936.101502,6011.370671,6012.062767,7143.310548,
Belarus,BLR,6033.686239,6527.173869,6953.132515,7998.125239,8341.399679,5967.052204,5039.681886,5785.670673,6360.062473,6837.717826,6542.797491,7302.257794,
Belize,BLZ,5397.291575,5521.366276,5645.895822,5887.933435,6068.088609,6142.478833,6148.706961,6100.994681,6059.162553,6210.565543,5266.87616,6228.267309,
Bermuda,BMU,101875.2841,97774.16207,98431.86518,99471.6389,98467.68399,102005.6256,106885.8785,111820.5815,113050.7369,116153.1661,107791.8864,114090.3283,
Bolivia,BOL,1922.049531,2304.969835,2562.466784,2853.797162,3022.462884,2975.648811,3013.502708,3280.008213,3471.006951,3472.380831,3068.812555,3345.196589,
Brazil,BRA,11249.46454,13200.78508,12327.31744,12258.50317,12071.15821,8783.225984,8680.768792,9896.684783,9121.083403,8845.259118,6794.489159,7507.160971,
Barbados,BRB,16489.79582,16907.20926,16691.33264,16893.60627,16924.19034,16990.21947,17343.72544,17843.19793,18224.89059,19002.96238,16643.80658,17225.4623,
Brunei Darussalam,BRN,34609.94043,46139.58441,46842.96026,43948.85117,41037.07265,30681.67944,26762.94565,28186.80303,31241.45396,30748.73749,27179.41199,31449.07656,
Bhutan,BTN,2194.126452,2491.271677,2470.073677,2409.441856,2589.899754,2695.638773,2879.547121,3240.704766,3210.706269,3303.964211,3009.924171,3266.364905,
Botswana,BWA,6041.754284,7080.812813,6393.008265,6436.60945,6844.020288,5869.732943,6411.527159,6705.351862,6947.800812,6679.167674,5863.203241,6805.221274,
Central African Republic,CAF,459.7769465,515.2095319,525.8675432,352.226872,394.856957,351.8797536,372.1354655,414.7402866,435.9322636,426.4087626,435.4692516,461.1374902,
Canada,CAN,47562.08343,52223.69611,52669.08996,52635.17496,50955.99832,43596.13554,42315.60371,45129.4293,46548.63841,46328.67184,43258.26387,51987.93905,
Central Europe and the Baltics,CEB,12624.84736,13970.06689,13075.72899,13662.24109,14132.76797,12520.33649,12781.93211,14224.85778,16086.31826,16358.47415,16293.80003,18751.02651,
Switzerland,CHE,76531.37294,90476.75897,85836.20768,87304.33058,88724.99094,83806.4476,82153.07454,82254.37693,85217.36915,84121.93103,85656.32267,91991.60046,
Channel Islands,CHI,,,,,,,,,,,,,
Chile,CHL,12767.78121,14628.57246,15406.49294,15833.2752,14666.34353,13569.9478,13785.68833,15045.52768,15795.70846,14631.94688,13094.45953,16265.09598,
China,CHN,4550.453108,5614.352135,6300.615118,7020.338485,7636.116601,8016.431435,8094.363367,8816.986905,9905.342004,10143.8382,10408.66976,12556.33312,
Cote d'Ivoire,CIV,1654.177832,1701.704734,1649.301739,1903.054321,2124.019559,1941.566336,1980.878142,2076.148,2275.49595,2238.811005,2288.119498,2549.041297,
Cameroon,CMR,1383.813759,1497.926667,1433.724035,1559.139125,1631.714084,1399.675331,1426.065517,1479.862349,1594.05999,1538.687947,1539.130559,1666.932734,
"Congo, Dem. Rep.",COD,324.827711,376.3749811,412.7762682,444.864361,472.266227,482.0645483,456.0279312,451.0890984,546.2125939,575.8827908,524.6666754,577.2092152,
"Congo, Rep.",COG,2962.762254,3415.062563,3753.861207,3719.651217,3622.530293,2347.818499,1970.250249,2088.500117,2512.383979,2288.808138,1838.448139,2290.382891,
Colombia,COL,6394.198705,7392.452361,8101.829092,8264.126896,8164.714495,6228.426299,5938.463856,6450.319585,6782.03792,6438.060183,5307.215228,6104.136709,
Comoros,COM,1384.063271,1526.832506,1483.95138,1595.989896,1608.687864,1322.936695,1357.266263,1414.586566,1531.337972,1510.797358,1519.586823,1577.471027,
Cabo Verde,CPV,3192.3921,3537.139837,3262.647058,3427.177172,3405.933447,2891.884482,2978.19942,3132.621798,3442.742003,3434.562745,2924.101807,3293.233054,
Costa Rica,CRI,8147.243985,9137.455823,9971.650902,10633.26725,10737.67888,11529.95453,11899.81326,12118.13341,12383.14997,12669.34107,12132.87688,12472.44373,
Caribbean small states,CSS,9271.773216,9948.838931,10417.9382,10542.78615,10711.77911,10473.83445,9781.008816,10075.83072,10353.11645,10429.33204,8851.424959,10063.6913,
Cuba,CUB,5275.532601,6106.006792,6467.337914,6814.243844,7117.52691,7683.757891,8055.889907,8543.360968,8831.907222,9139.415856,9499.590202,,
Curacao,CUW,,19446.45657,19886.67837,19762.73962,19552.66055,19260.26985,18881.83062,18788.80728,18956.09797,19024.17715,16109.86175,17717.59648,
Cayman Islands,CYM,76875.96182,75438.33001,75468.85344,75688.08215,76613.40655,77298.62806,78861.11927,81258.03776,85234.84272,89871.91314,83329.45877,86568.76964,
Cyprus,CYP,31105.39844,32486.42969,28993.34961,27799.11914,27245.36523,23487.125,24715.73047,26697.17188,29418.93555,29417.13867,28036.18945,31551.81641,
Czech Republic,CZE,19960.06849,21871.26608,19870.80121,20133.16914,19890.91991,17829.69832,18575.23203,20636.19995,23424.48046,23664.84786,22992.87938,26821.24523,
Germany,DEU,41572.45595,46705.8958,43855.85447,46298.92292,48023.86998,41103.25644,42136.12079,44652.58917,47939.27829,46793.68676,46772.82535,51203.55447,
Djibouti,DJI,1227.820853,1322.726251,1418.460858,2102.197948,2239.114538,2409.311902,2545.738799,2655.73322,2755.838293,2876.043664,2917.996281,3150.436729,
Dominica,DMA,7182.400203,7288.497948,7054.875977,7240.679119,7498.917522,7724.042411,8223.04145,7408.091301,7833.195013,8561.587011,7003.469891,7653.17187,
Denmark,DNK,58041.39844,61753.64713,58507.50805,61191.1937,62548.98473,53254.85637,54663.99837,57610.09818,61591.92887,59592.98069,60915.4244,68007.75667,
Dominican Republic,DOM,5509.566837,5859.379217,6049.471741,6171.29557,6533.66686,6838.936594,7191.076572,7513.491343,7947.158207,8173.338007,7167.919159,8476.752157,
Algeria,DZA,4495.920448,5473.28055,5610.730894,5519.777576,5516.230604,4197.421361,3967.199451,4134.93672,4171.795011,4022.150184,3337.252512,3690.627878,
East Asia & Pacific (excluding high income),EAP,4006.365501,4860.871207,5376.041081,5882.272406,6291.464864,6501.868829,6591.282343,7149.207647,7944.551234,8169.167837,8262.479253,9771.648206,
Early-demographic dividend,EAR,2988.448105,3248.912173,3346.10889,3344.655796,3411.096711,3199.519646,3257.901212,3472.697624,3467.178198,3489.17025,3215.092925,3703.900123,
East Asia & Pacific,EAS,7721.630865,8890.703999,9435.961663,9468.439894,9694.448785,9586.901027,9854.946329,10452.71904,11310.49888,11482.53168,11475.46251,13041.78119,
Europe & Central Asia (excluding high income),ECA,7789.004312,9625.51745,10208.46535,10750.45007,9890.461057,7458.335046,7044.336289,7864.645065,7994.780168,8129.886017,7441.465307,8758.938553,
Europe & Central Asia,ECS,23640.56194,26148.38101,25090.21598,26086.27231,26316.59931,22556.57364,22379.64835,23643.40045,25243.79473,24870.26199,23984.27873,27152.47123,
Ecuador,ECU,4640.246344,5202.656459,5678.455721,6050.354611,6374.631486,6130.586676,6079.088736,6246.404252,6321.349401,6233.258167,5645.19929,5965.132871,
"Egypt, Arab Rep.",EGY,2509.772034,2645.622535,3059.135428,3088.890834,3196.861381,3370.382447,3331.612461,2315.896627,2407.086543,2869.576588,3398.801432,3698.834981,
Euro area,EMU,37605.03661,40656.44142,37594.92275,39119.97733,39913.12512,34388.81001,35164.06706,37157.11326,40045.56602,39182.54834,38159.72991,42450.15377,
Eritrea,ERI,504.9724602,643.7900423,,,,,,,,,,,
Spain,ESP,30532.48051,31677.90031,28322.94659,29077.18206,29513.65118,25754.36103,26537.15949,28185.32137,30379.72111,29581.51855,26959.67544,30103.51373,
Estonia,EST,14663.04461,17487.80478,17403.20533,19056.00192,20261.06673,17402.03761,18295.34293,20437.76538,23165.84948,23424.48471,23595.24368,27943.70122,
Ethiopia,ETH,335.4384953,348.0013483,458.5509208,490.791804,557.5341484,630.3126821,705.616305,755.7517677,758.2990596,840.4494515,918.6525941,925.077428,
European Union,EUU,32969.75465,35768.28989,33170.5131,34564.11568,35278.80769,30484.52789,31175.15052,33089.22846,35751.21997,35079.46915,34330.36653,38411.06278,
Fragile and conflict affected situations,FCS,2298.21375,2109.703427,2307.068559,2337.388722,2423.732741,1891.182273,1744.358329,1805.537597,1858.132956,1884.581577,1716.216385,1796.396294,
Finland,FIN,46505.30318,51148.93164,47708.06128,49892.22336,50327.24029,42801.90812,43814.02651,46412.13648,49987.62616,48629.85823,49170.75215,53654.7503,
Fiji,FJI,3469.165917,4160.684021,4359.77535,4586.897921,5305.190923,5105.262627,5368.42324,5825.129207,6073.336388,5968.300559,4864.117047,4646.612723,
France,FRA,40676.06479,43846.46608,40870.85236,42602.71797,43068.54872,36652.92231,37062.53357,38781.04949,41557.85486,40494.89829,39055.28293,43658.97898,
Faroe Islands,FRO,48167.4534,51786.59674,50156.85097,55560.25174,60125.77212,52726.74224,56834.06851,59328.17477,62576.98993,63383.19615,61980.29002,69010.3098,
"Micronesia, Fed. Sts.",FSM,2760.01134,2885.441249,3023.585446,2920.700863,2928.448782,2891.322103,3022.653627,3320.354976,3623.329337,3699.081514,3639.412699,3571.336769,
Gabon,GAB,8399.596703,10273.79901,9348.515572,9250.081564,9255.368597,7090.45461,6722.198393,6975.695793,7694.906045,7523.862278,6680.08267,8635.325694,
United Kingdom,GBR,39693.19387,42150.69814,42485.58607,43449.09172,47447.58893,45071.07432,41146.07736,40621.33448,43306.3083,42747.08046,40318.55757,46510.28278,
Georgia,GEO,3233.295943,4021.743306,4421.818242,4623.745725,4739.188338,4014.185944,4062.169888,4357.000936,4722.042423,4696.150586,4255.742993,5023.27438,
Ghana,GHA,1258.94923,1501.08385,1536.591848,2282.349905,1942.9051,1711.290666,1900.405937,1998.73798,2180.04157,2167.911589,2176.579459,2363.299296,
Gibraltar,GIB,,,,,,,,,,,,,
Guinea,GIN,667.2816043,644.5025446,707.9676808,757.6922692,774.569037,756.4255941,720.4732536,843.4642789,944.4172662,1043.899882,1073.659337,1189.175999,
"Gambia, The",GMB,796.630521,705.4779743,686.5582854,647.3853005,561.6491232,611.6713342,640.6766789,632.0011462,683.3243631,722.8747931,704.029916,772.1523951,
Guinea-Bissau,GNB,542.2840598,683.5345133,598.5726713,616.1599585,605.1225831,585.9570106,642.6664064,718.2457991,781.6443091,730.6114487,710.2581385,795.1185693,
Equatorial Guinea,GNQ,14905.51343,18659.41705,18756.42642,17644.59516,16804.92595,9788.983771,8035.30787,8410.39725,8719.186217,7317.390189,6327.599012,7506.667523,
Greece,GRC,26716.64883,25483.88256,21912.99829,21787.78776,21616.71001,18083.87791,17923.96681,18582.08934,19756.99046,19144.28439,17658.9473,20192.5963,
Grenada,GRD,6760.961244,6775.752501,6900.771786,7205.268384,7726.409657,8379.621847,8849.513535,9309.230667,9574.279873,9887.920742,8437.566732,9010.572245,
Greenland,GRL,43988.33249,47186.98147,45936.76595,47535.58995,50484.92757,44536.40131,48181.87419,50766.59942,54545.29998,53256.24409,54571.20916,,
Guatemala,GTM,2852.547327,3228.045741,3355.036919,3522.773706,3779.642336,3994.636913,4173.301666,4454.04815,4485.731255,4647.693347,4604.576679,5025.542291,
Guam,GUM,30011.21858,30087.71559,31642.14626,32318.8909,33483.94144,34522.37793,35052.80791,35663.02504,35902.7259,37752.63308,34780.86166,35904.86355,
Guyana,GUY,4589.873241,4960.004726,5461.390967,5576.24931,5495.376197,5668.429765,5905.380196,6220.978568,6094.908859,6477.296726,6863.074346,9998.544311,
High income,HIC,38785.77844,41697.61947,41493.91585,41764.53623,42419.54493,39819.18787,40441.43896,42081.11098,44527.61041,44723.92894,43415.67668,48225.24121,
"Hong Kong SAR, China",HKG,32549.99823,35142.48793,36730.8767,38403.77771,40315.28556,42431.88828,43733.91636,46160.42979,48537.56689,48356.0635,46107.76528,49800.54241,
Honduras,HND,1874.271704,2053.964255,2107.350831,2064.548406,2164.420219,2257.222712,2295.538079,2403.304451,2457.688921,2519.370194,2354.119614,2771.717461,
Heavily indebted poor countries (HIPC),HPC,823.6662889,898.5317902,905.2461908,979.6380194,1011.662918,953.1767609,973.2160945,1049.363575,972.3160176,978.4946479,958.4398618,1035.701648,
Croatia,HRV,14124.81084,14812.86947,13443.13523,13871.3299,13784.47836,11952.31118,12552.25538,13655.81594,15244.43105,15331.88305,14198.75396,17685.32528,
Haiti,HTI,1204.862304,1306.84613,1356.172882,1452.312144,1453.917477,1404.155214,1305.571297,1384.038372,1494.224962,1324.844005,1283.14083,1829.593044,
Hungary,HUN,13217.5046,14234.47158,12984.83657,13715.07036,14294.25842,12717.0386,13104.69955,14621.2396,16425.1013,16782.95246,16120.98905,18728.12189,
IBRD only,IBD,4528.174727,5307.186466,5580.760449,5824.342974,5958.70581,5523.814033,5513.313321,6030.587878,6361.337738,6446.574604,6159.534159,7235.96127,
IDA & IBRD total,IBT,3731.598434,4310.451192,4516.541531,4711.139152,4821.935644,4471.99645,4455.815489,4838.502342,5076.592986,5125.9788,4888.966209,5684.927074,
IDA total,IDA,1235.954514,1228.529723,1264.396417,1345.370103,1420.653179,1358.217912,1361.963217,1394.859856,1415.317206,1416.388356,1374.949559,1465.396074,
IDA blend,IDB,1511.891127,1698.70039,1833.192454,1953.690169,2083.183745,1930.460187,1818.404972,1751.50761,1874.947566,1827.168474,1719.895065,1842.771049,
Indonesia,IDN,3094.44309,3613.800902,3668.21207,3602.885517,3476.624853,3322.581688,3558.818852,3839.785069,3902.661668,4151.227543,3894.272202,4332.709281,
IDA only,IDX,1097.62665,991.5875708,977.4770856,1038.681094,1086.963652,1070.69026,1134.244809,1218.493388,1187.657388,1214.402975,1206.830081,1281.63432,
Isle of Man,IMN,70622.91464,77843.49,79332.27156,83199.61956,91885.60779,84759.34595,82045.43884,83507.79761,89429.65459,87157.47146,,,
India,IND,1350.634322,1449.601789,1434.018198,1438.05748,1559.864518,1590.173918,1714.280355,1957.968841,1974.377788,2047.232704,1910.421473,2256.590409,
Not classified,INX,,,,,,,,,,,,,
Ireland,IRL,48663.60044,52183.13293,49054.69743,51546.35476,55643.05943,62053.98444,62895.91112,69970.94891,79250.38785,80927.07467,85420.19086,100172.0793,
"Iran, Islamic Rep.",IRN,6458.573936,8201.581709,8329.002044,6280.681858,5757.543337,4990.936798,5497.243227,5758.59072,3873.99534,3277.875596,2746.42045,4091.209187,
Iraq,IRQ,4430.426242,5736.898959,6437.503076,6612.902252,6215.986033,4416.943049,4305.202702,4725.193573,5601.467061,5621.181695,4332.304125,4775.377454,
Iceland,ISL,43237.07295,47714.59223,45995.54788,49804.983,54576.74481,52951.68151,61987.92636,72010.14903,74461.48,68853.71522,59200.17794,68727.63666,
Israel,ISR,31266.60532,34354.71612,33156.22832,36941.84236,38259.6811,36206.52222,37690.47395,41114.78171,42406.84543,44452.23256,44846.7916,52170.71186,
Italy,ITA,36035.645,38649.63948,35051.52127,35560.08141,35565.72138,30242.38614,30960.73151,32406.72032,34622.16967,33673.75096,31911.03579,35657.49756,
Jamaica,JAM,4835.793638,5259.929487,5365.242293,5143.721312,4991.565519,5077.550622,5022.704717,5273.150744,5594.493935,5626.171177,4897.265897,5183.581305,
Jordan,JOR,3914.701234,4152.493982,4386.461816,4477.618326,4255.89431,4064.253016,4003.404749,4073.116404,4146.407296,4205.563654,4042.76935,4103.258966,
Japan,JPN,44968.15623,48760.07895,49145.28043,40898.6479,38475.39525,34960.63938,39375.47316,38834.05293,39727.1166,40458.00188,39918.16756,39312.66037,
Kazakhstan,KAZ,9070.488253,11634.0012,12386.69927,13890.63096,12807.26069,10510.77189,7714.841844,9247.581331,9812.626371,9812.595808,9121.637138,10373.78979,
Kenya,KEN,1093.638961,1099.315094,1289.780822,1376.828869,1489.919111,1496.652856,1562.076142,1675.973916,1845.78294,1970.105143,1936.424589,2081.799855,
Kyrgyz Republic,KGZ,880.0377751,1123.883168,1177.974735,1282.437162,1279.769783,1121.082835,1120.666513,1242.769643,1308.140165,1374.032105,1182.5217,1276.700365,
Cambodia,KHM,782.6957324,880.3103044,950.4825446,1015.220881,1098.074538,1170.742816,1281.105964,1400.89926,1533.315985,1671.385385,1577.911747,1625.23502,
Kiribati,KIR,1438.02733,1644.344796,1698.920883,1628.710205,1546.830177,1459.133021,1506.246679,1563.550457,1605.01365,1432.178985,1430.551574,1606.462514,
St. Kitts and Nevis,KNA,16427.61241,17571.98057,17311.61878,18325.96578,19945.47017,20025.96235,21095.25404,22160.44861,22547.91799,23219.33142,18566.09559,18082.61019,
Korea,KOR,23087.22564,25096.26388,25466.76052,27182.73431,29249.57522,28732.23108,29288.87044,31616.8434,33436.92306,31902.4169,31721.29891,34997.78164,
Kuwait,KWT,39213.53715,49006.58145,51277.66211,47760.94413,43234.82142,29310.52211,27029.99778,29263.08965,32007.52354,30667.34822,24300.32944,,
Latin America & Caribbean (excluding high income),LAC,8520.918519,9847.599209,9686.90536,9834.53013,9775.567348,8223.39455,7909.628222,8729.183063,8384.845373,8181.622747,6789.39265,7728.033309,
Lao PDR,LAO,1127.835236,1363.72529,1566.009745,1815.440236,1984.50867,2125.459057,2309.049076,2439.463355,2553.361866,2598.505523,2593.355097,2535.623432,
Lebanon,LBN,7695.245415,7914.109568,8500.180563,8255.209211,7665.379692,7802.751368,8172.299476,8679.897422,9225.845155,8985.572499,5599.957523,4136.146347,
Liberia,LBR,497.0203654,573.5264222,644.4555767,717.6357533,713.7348824,699.6629469,722.1312268,706.892692,700.0370394,665.8784476,597.5296919,675.6631858,
Libya,LBY,11611.26153,7783.831148,15764.91545,12589.44875,9408.767832,7867.571893,7944.827076,10529.26744,11838.00962,10542.14929,7568.042011,6357.19555,
St. Lucia,LCA,8697.797625,9160.814473,9271.659491,9569.122192,10007.14688,10290.37891,10574.38891,11270.47161,11563.83747,11726.76977,8458.162761,9414.226231,
Latin America & Caribbean,LCN,9081.114228,10220.49789,10217.2777,10357.16561,10451.52527,8645.270953,8363.65857,9201.46648,8916.089485,8707.187368,7289.957037,8327.60519,
Least developed countries: UN classification,LDC,812.8227332,921.7271109,945.173418,1005.613583,1055.489277,997.1322839,1021.787811,1114.923084,1073.320974,1100.027046,1095.770648,1164.918316,
Low income,LIC,681.9175021,737.9215921,731.5780043,771.1170545,800.582832,775.6733735,791.8113822,863.6258955,758.744711,750.5555303,736.932217,793.945722,
Liechtenstein,LIE,141467.6412,158611.1105,149459.2353,173660.1612,179457.9179,167805.9569,165844.9854,170874.2938,175283.6318,167019.6181,157754.9544,,
Sri Lanka,LKA,2893.934899,3321.484532,3449.066903,3740.616792,3971.918675,4060.131785,4150.934408,4401.056075,4360.583634,4082.69462,3893.841515,4013.687657,
Lower middle income,LMC,1809.055908,2047.900865,2115.538587,2118.638431,2176.236751,2088.220787,2169.419723,2297.949456,2323.931742,2386.488589,2268.982746,2572.705144,
Low & middle income,LMY,3550.792787,4134.043317,4339.266527,4532.419893,4626.393211,4329.305028,4313.152654,4679.993245,4900.573676,4952.231133,4723.798867,5494.396981,
Lesotho,LSO,1104.800538,1265.863867,1205.860003,1141.361038,1165.045935,1113.871328,986.2659867,1062.712512,1161.7271,1102.56487,989.8471707,1094.098185,
Late-demographic dividend,LTE,6206.337902,7517.32636,7988.690473,8541.232473,8812.261816,8213.123373,8183.327047,9021.965927,9839.4686,9979.254112,9706.843103,11465.85777,
Lithuania,LTU,11987.50841,14376.94786,14367.70942,15729.65247,16551.0182,14263.96458,15008.31324,16885.40739,19186.35959,19595.14157,20339.52127,23723.34025,
Luxembourg,LUX,110885.9914,119025.0572,112584.6763,120000.1407,123678.7021,105462.0126,106899.2935,110193.2138,116786.5117,112621.8213,117370.4969,133590.147,
Latvia,LVA,11420.994,13338.96224,13847.33794,15007.49186,15742.39134,13786.4568,14331.75159,15695.11515,17865.03109,17945.22222,18207.13964,21148.16294,
"Macao SAR, China",MAC,50676.49474,64528.42721,74111.26726,86852.98784,90873.93244,73220.26876,71918.73108,78985.64214,84923.38678,83183.16661,37646.3162,43873.59116,
St. Martin (French part),MAF,,21345.00326,,,21920.83919,,,,,,,,
Morocco,MAR,2835.217773,3041.145752,2907.449219,3117.515137,3430.549561,3139.243652,3132.94458,3288.502197,3492.67334,3498.573975,3258.121338,3795.380127,
Monaco,MCO,161782.6757,179372.7637,165505.1781,185066.5781,195780.0069,170337.9244,174610.637,173612.8646,194280.8221,199377.4818,182538.6383,234315.4605,
Moldova,MDA,2436.799359,2941.362119,3044.808478,3321.043917,3327.786775,2731.065584,2879.391291,3509.64734,4232.206888,4493.370303,4500.624464,5230.661733,
Madagascar,MDG,459.375408,516.9025392,504.1737301,526.6880118,517.1361761,455.6380397,464.6161535,503.4980587,512.5439846,512.2796597,462.4042237,500.511032,
Maldives,MDV,7158.061411,7409.335968,7447.432572,8222.563389,8872.124925,9434.331078,9640.324009,10062.98312,10823.63669,11118.55654,7282.358489,10366.29336,
Middle East & North Africa,MEA,7479.378459,8260.510478,8759.651288,8433.603049,8321.76577,7183.074513,7111.156241,7251.827736,7476.772457,7337.350935,6491.499128,7569.089437,
Mexico,MEX,9399.970908,10341.52105,10376.05767,10865.6802,11076.09245,9753.380048,8875.062256,9434.386487,9857.028829,10145.17018,8655.000682,10045.6805,
Marshall Islands,MHL,3001.319829,3238.887316,3445.315403,3611.699642,3672.680934,3703.649059,4153.117176,4507.622862,4769.190459,5188.971114,5567.972727,6172.145065,
Middle income,MIC,3799.772428,4478.81407,4716.359075,4934.979442,5040.8028,4720.150396,4709.368042,5116.240783,5384.002157,5448.65078,5206.168295,6074.084921,
North Macedonia,MKD,4577.688755,5098.097583,4728.308142,5241.058345,5495.735049,4861.553971,5149.589074,5450.492881,6108.740108,6070.388054,5965.450232,6694.641126,
Mali,MLI,688.327813,810.1826007,753.3921936,778.7970906,818.4303911,723.5042025,750.0518281,795.682733,856.3565318,840.175765,822.906144,873.7948624,
Malta,MLT,21799.16274,23155.56281,22527.75911,24770.93408,26754.26233,24921.579,25624.46364,28823.52512,31567.94224,31198.24145,28977.56557,33486.67198,
Myanmar,MMR,765.2418886,1086.838467,1161.305962,1195.9378,1238.72871,1224.562343,1161.861778,1175.202557,1274.915657,1295.201448,1477.45287,1209.926942,
Middle East & North Africa (excluding high income),MNA,4602.591674,4653.594388,4929.641609,4445.600648,4317.813096,3805.684009,3832.818509,3739.153088,3491.192578,3438.715899,3093.878473,3573.165173,
Montenegro,MNE,6688.4824,7328.932252,6586.721279,7189.293287,7388.147794,6517.163752,7033.604899,7803.411137,8850.092733,8909.653336,7677.152226,9465.703999,
Mongolia,MNG,2660.28811,3793.743754,4402.304523,4422.300876,4211.939454,3919.351148,3690.756716,3708.248223,4165.022739,4394.947147,4041.174196,4566.140154,
Northern Mariana Islands,MNP,14772.49616,13880.4265,14247.7893,14806.00679,16044.43073,17665.10075,24054.91561,30751.64107,25882.63359,23707.32881,,,
Mozambique,MOZ,481.26818,605.2734686,667.7174243,672.2042363,680.3750335,594.2265335,430.9931688,462.7001369,504.53589,508.1636746,449.9552098,491.8391128,
Mauritania,MRT,1646.131442,1919.454524,1850.384968,1929.773521,1715.388838,1562.725248,1579.198554,1634.643606,1749.954236,1839.96445,1868.466574,2166.046799,
Mauritius,MUS,8000.376432,9197.026972,9291.227619,9766.756465,10368.61343,9509.934655,9967.881736,10844.03633,11645.98198,11405.72682,9007.419102,9106.237202,
Malawi,MWI,472.8533786,528.4531271,386.906541,344.3967712,367.0242697,376.2462048,312.1427971,500.1655472,537.9322041,584.3628673,628.699482,634.8356601,
Malaysia,MYS,8880.109965,10209.38195,10601.51389,10727.69966,11045.44513,9699.584021,9555.651202,9979.800841,11074.06409,11132.02393,10160.78325,11109.26184,
North America,NAC,48552.94241,50289.0244,51881.17089,53234.1501,54714.47093,55452.42138,56312.43488,58423.88588,61174.77734,63198.70132,61451.97615,68369.66279,
Namibia,NAM,5445.38292,5873.079494,6017.157069,5463.017361,5544.097423,4965.68086,4614.881721,5453.570622,5687.399093,5126.176144,4251.172766,4865.557765,
New Caledonia,NCL,37494.88437,40697.63007,37294.02726,38503.26306,39675.58194,32428.58249,32286.91529,33874.92376,36312.72787,34797.51866,34800.75951,37159.54677,
Niger,NER,471.6126517,507.6025233,525.047324,548.1578755,560.7545092,481.1112995,497.0361334,514.5433128,567.3308067,550.9635555,564.8220018,590.6294548,
Nigeria,NGA,2280.111979,2504.878279,2728.022683,2976.756736,3200.953146,2679.554765,2144.779938,1941.879485,2125.834282,2204.181574,2074.613928,2065.749068,
Nicaragua,NIC,1495.737186,1644.799354,1746.425626,1794.786575,1913.521348,2025.324776,2079.448266,2127.280585,1981.85912,1890.273065,1863.109257,2045.535402,
Netherlands,NLD,50999.74512,54230.3129,50070.1416,52198.89756,52900.53742,45193.40322,46039.10593,48675.22234,53044.53244,52476.27325,52162.57012,57767.87881,
Norway,NOR,87693.79007,100600.5624,101524.1419,102913.4508,97019.18275,74355.51586,70460.56053,75496.75406,82267.80932,75719.7529,67329.67779,89154.27609,
Nepal,NPL,589.1654349,791.225217,794.0927699,809.3846006,827.744346,882.3074488,880.2244881,1027.965486,1161.534374,1185.682675,1139.190277,1208.218534,
Nauru,NRU,4644.519128,6423.748679,9280.658894,9210.009692,9566.21254,7736.223636,8719.366526,9361.383343,10400.98907,9786.026526,9307.886768,10648.14139,
New Zealand,NZL,33676.77412,38387.62708,39973.38076,42976.64959,44572.89875,38630.72659,40058.19616,42924.9956,43250.44097,42865.23364,41596.5055,48781.02663,
OECD members,OED,35053.00029,37510.4689,37238.62736,37492.02939,38000.94309,35599.08004,36049.37851,37403.38787,39348.31436,39531.66035,38326.8576,42446.85932,
Oman,OMN,22552.19901,24166.09631,24722.63882,23563.9406,23121.20638,18777.43306,17082.2062,17802.57512,19887.57431,19132.15227,16707.62301,19509.46646,
Other small states,OSS,12135.40659,14656.7516,14983.36506,15301.16205,15443.89338,12502.09538,12087.12239,12894.07583,14062.50398,13540.40029,11683.18606,13878.81484,
Pakistan,PAK,911.0904448,1075.450496,1109.679115,1126.041261,1173.392454,1282.443153,1468.821421,1567.640986,1620.742857,1437.165907,1322.315036,1505.010193,
Panama,PAN,8124.558307,9403.439908,10767.29318,11932.28622,12837.24796,13669.55944,14382.23238,15185.97248,15588.33733,15826.08235,12569.17154,14617.60448,
Peru,PER,5047.249307,5826.832307,6475.68607,6697.185268,6614.933339,6180.194957,6163.791026,6676.284221,6912.110297,6955.809959,6056.343903,6621.574336,
Philippines,PHL,2201.775071,2431.202037,2671.777205,2847.566937,2935.925556,2974.299531,3038.149734,3077.43564,3194.674521,3413.847924,3224.422551,3460.530963,
Palau,PLW,10029.28803,10795.56469,11835.38393,12418.82617,13580.00674,15761.36338,16743.37674,16011.66115,15948.27586,15567.09087,14016.2475,12083.88815,
Papua New Guinea,PNG,1879.236413,2303.797461,2653.153909,2578.510135,2742.233338,2502.084291,2332.69748,2495.131383,2584.298769,2593.80465,2446.066306,2672.94579,
Poland,POL,12504.25019,13776.61155,13010.92339,13558.41406,14182.1375,12560.05142,12378.75944,13815.6218,15504.58048,15699.91135,15816.9894,17999.90995,
Pre-demographic dividend,PRE,1427.814133,1615.106356,1703.429846,1813.796193,1870.798685,1550.798612,1385.874037,1436.420704,1455.859757,1463.306586,1337.464153,1418.593326,
Puerto Rico,PRI,26435.74879,27278.88305,27944.73389,28513.16574,28981.45733,29763.4883,30627.1634,31108.76057,31615.06679,32916.8668,31393.90737,32640.71034,
"Korea, Dem. People's Rep.",PRK,,,,,,,,,,,,,
Portugal,PRT,22520.64231,23217.2955,20563.7136,21653.19598,22103.70097,19250.10654,19991.97249,21490.42986,23562.55452,23330.81729,22242.40642,24567.50927,
Paraguay,PRY,4725.726341,5776.281848,5617.104918,6410.814703,6629.416993,5861.401895,5759.042198,6136.058301,6242.961454,5807.838794,5353.348065,5891.499965,
West Bank and Gaza,PSE,2557.075624,2880.798437,3067.438727,3315.297539,3352.112595,3272.154324,3527.613824,3620.360487,3562.330943,3656.858271,3233.568638,3663.969055,
Pacific island small states,PSS,2882.719264,3324.796543,3482.423714,3584.582822,3853.595137,3724.591674,3867.741699,4128.474923,4283.741566,4233.413675,3707.310581,3643.845437,
Post-demographic dividend,PST,39710.76543,42530.43019,42286.91724,42520.79685,43165.55148,40638.37581,41369.93372,42968.44781,45382.30693,45700.93813,44474.54975,49223.59503,
French Polynesia,PYF,21447.85206,21747.97666,19864.53805,20941.52223,21223.08376,18252.51997,18726.64225,19743.95491,20614.89886,20023.5047,18910.38013,19914.60351,
Qatar,QAT,73021.30975,92992.99713,98041.36224,97630.82552,93126.14946,66984.9102,58467.23557,59407.69805,66264.08117,62637.27511,52315.66008,66838.35743,
Romania,ROU,8397.809173,9560.184513,8930.729912,9497.25499,10031.26727,8976.880535,9404.341874,10727.94969,12494.47747,12958.07556,13047.43206,14858.22943,
Russian Federation,RUS,10674.99609,14311.08398,15420.875,15974.64453,14095.64844,9313.013672,8704.898438,10720.33301,11287.36035,11536.25098,10169.08691,12194.77734,
Rwanda,RWA,593.8026075,650.6026286,705.7597558,704.0562899,724.3521744,733.4411218,728.43449,756.5476411,769.4373107,806.8799811,774.6892594,822.3479886,
South Asia,SAS,1242.346861,1351.99157,1347.918095,1364.83101,1475.727029,1523.697807,1675.575511,1887.92183,1920.208396,1962.802875,1852.300088,2149.821595,
Saudi Arabia,SAU,17958.94899,22262.61366,23878.58529,23716.26062,23543.56634,19977.79469,19300.05001,20138.14633,23318.73817,22430.23823,19539.56581,23185.87079,
Sudan,SDN,1706.415649,1982.831055,1797.379761,1834.545898,2075.989014,2226.421631,2614.300293,3188.75,769.8691406,748.0109253,608.3325195,751.8213501,
Senegal,SEN,1286.604868,1383.539193,1334.726015,1391.532257,1417.095074,1238.126396,1290.750004,1385.199333,1484.239673,1462.354333,1490.203137,1636.893209,
Singapore,SGP,47236.96023,53890.42873,55546.48854,56967.42579,57562.53079,55646.61875,56860.41324,61150.7272,66859.33834,65831.18943,60729.45035,72794.00302,
Solomon Islands,SLB,1661.998091,1921.346043,2087.518739,2208.095867,2235.747344,2134.802451,2196.270903,2283.576156,2450.484428,2398.772757,2222.465636,2304.844567,
Sierra Leone,SLE,400.5200022,445.0053621,560.0373997,706.452664,702.3353794,576.7402317,490.3705888,484.4464498,519.6500156,506.6068944,493.4787775,480.0392113,
El Salvador,SLV,3017.307395,3304.974183,3471.051269,3555.1621,3638.517658,3761.51368,3870.312982,3986.049014,4145.862351,4280.288404,3903.395839,4551.184661,
San Marino,SMR,59517.03274,55816.3651,48435.94253,50438.39002,50135.48458,42281.64347,43399.4583,44885.79714,48462.96032,47287.39839,45320.20872,,
Somalia,SOM,,,,356.1179025,377.5573872,387.6079944,387.1866816,377.349072,379.9860027,405.7867633,416.2177747,446.9815596,
Serbia,SRB,5735.422857,6809.159804,6015.945228,6755.073675,6600.056809,5588.980728,5765.200762,6292.543629,7252.401858,7417.203649,7733.802869,9230.178316,
Sub-Saharan Africa (excluding high income),SSA,1655.124131,1817.170157,1836.592815,1898.98258,1930.414065,1674.237701,1523.527264,1608.564847,1630.238971,1606.558195,1492.134018,1632.087531,
South Sudan,SSD,1503.133889,1455.358407,1114.923723,1659.140787,1245.149311,1071.777765,,,,,,,
Sub-Saharan Africa,SSF,1656.057199,1818.172453,1837.557545,1900.194194,1931.648032,1675.486575,1524.82775,1609.900105,1631.593697,1607.921605,1493.100691,1633.180754,
Small states,SST,10982.62833,13023.12232,13379.80995,13662.87375,13836.88053,11585.64515,11163.9733,11854.01603,12808.19088,12427.57674,10702.96169,12588.92779,
Sao Tome and Principe,STP,1079.689654,1244.271625,1319.900833,1551.192905,1754.600471,1571.49854,1688.375303,1805.524651,1950.629352,1991.738264,2161.310196,2360.543554,
Suriname,SUR,7999.556929,8009.252302,8922.956186,9124.541093,9199.177893,8907.751222,5705.426967,6112.851175,6730.846883,6690.044786,4796.533314,4869.134226,
Slovak Republic,SVK,16908.84796,18509.74022,17498.3539,18276.00955,18719.98814,16390.88217,16563.4405,17585.197,19486.39368,19383.48104,19545.74282,21391.92533,
Slovenia,SVN,23532.48085,25128.01504,22641.80512,23503.28249,24247.17332,20890.16643,21678.35947,23514.02546,26123.74713,26016.07868,25545.241,29291.40062,
Sweden,SWE,52869.04429,60755.75955,58037.82132,61126.9432,60020.36046,51545.48361,51965.15715,53791.50873,54589.06039,51939.42974,52837.90398,61028.73806,
Eswatini,SWZ,4035.546607,4360.979186,4396.562519,4111.109647,3928.506828,3583.31129,3339.992899,3824.046783,4020.27305,3843.377391,3372.895601,3978.403528,
Sint Maarten (Dutch part),SXM,,27997.28983,28460.33262,27942.88054,33043.68838,32274.89055,31616.6817,29369.05683,28988.25921,,,,
Seychelles,SYC,10804.68447,12189.09516,11998.4472,14764.93927,15188.22876,15157.53029,15740.13032,16416.77619,16910.68818,17253.50566,12808.98747,14653.30939,
Syrian Arab Republic,SYR,11304.64493,2971.282434,1910.604526,993.7398831,1071.234204,857.4978675,664.3416723,862.3190638,1104.392448,1116.679246,533.3852317,,
Turks and Caicos Islands,TCA,23103.94268,23649.71443,22666.40691,22451.56873,24040.87466,25783.2941,26995.03216,25659.19586,26831.97146,27795.14856,20882.26127,20908.5827,
Chad,TCD,896.8766357,988.1942146,969.6162149,980.083592,1017.787824,774.4116005,691.9800949,662.89753,720.265047,701.6212166,643.7722213,685.6902841,
East Asia & Pacific (IDA & IBRD countries),TEA,4051.958026,4916.026312,5436.750237,5948.440949,6362.011869,6574.564656,6664.796033,7228.762666,8032.798909,8259.795605,8354.065182,9880.09607,
Europe & Central Asia (IDA & IBRD countries),TEC,8284.621077,10028.63804,10421.18833,10962.46635,10294.98687,7993.440052,7640.691289,8532.434867,8870.39705,9019.717374,8423.196002,9842.052265,
Togo,TGO,521.8407125,573.8105585,559.1904856,608.1503504,627.7094023,559.4457465,787.2801816,814.4199071,883.8678323,875.9326592,897.1945754,973.2061291,
Thailand,THA,4996.372886,5396.649426,5748.631241,6041.12746,5822.383699,5708.796925,5854.461088,6436.791746,7124.564544,7630.03961,6990.935503,7066.190546,
Tajikistan,TJK,740.2705562,837.8784661,959.361905,1038.327981,1094.422736,970.3652238,801.3912831,844.3693648,850.6685075,889.0202624,852.3336702,897.0475103,
Turkmenistan,TKM,4286.880505,5453.155005,6441.886618,7049.797505,7685.509859,6208.296655,6163.253406,6354.53283,6721.34954,7344.648233,,,
Latin America & the Caribbean (IDA & IBRD countries),TLA,9007.381252,10157.70803,10144.34458,10280.42372,10369.91805,8497.455941,8199.168618,9050.943468,8754.293268,8526.265783,7081.447046,8108.91587,
Timor-Leste,TLS,810.1416048,936.5983448,1019.964868,1201.423581,1221.53427,1322.300913,1347.926336,1283.52585,1239.366122,1584.263844,1660.30834,2741.393931,
Middle East & North Africa (IDA & IBRD countries),TMN,4625.401787,4673.496085,4950.681663,4458.427725,4328.807203,3811.777672,3836.31969,3740.519986,3490.367204,3436.13153,3092.20556,3572.065525,
Tonga,TON,3416.183311,3852.054051,4378.654196,4208.122358,4125.436835,4117.960717,3978.356954,4367.302044,4649.57939,4879.017342,4606.064552,4426.000637,
South Asia (IDA & IBRD),TSA,1242.346861,1351.99157,1347.918095,1364.83101,1475.727029,1523.697807,1675.575511,1887.92183,1920.208396,1962.802875,1852.300088,2149.821595,
Sub-Saharan Africa (IDA & IBRD countries),TSS,1656.057199,1818.172453,1837.557545,1900.194194,1931.648032,1675.486575,1524.82775,1609.900105,1631.593697,1607.921605,1493.100691,1633.180754,
Trinidad and Tobago,TTO,15711.55871,17910.31915,18961.23359,19821.52865,20327.98346,18389.53103,15991.10879,16094.66678,16164.16133,15690.9631,13871.79822,16032.50277,
Tunisia,TUN,4241.01191,4361.896449,4233.894568,4308.22693,4398.573922,3960.97533,3796.16792,3569.755725,3577.124412,3477.883777,3497.68141,3807.13915,
Republic of Turkiye,TUR,10615.32806,11308.0649,11697.48051,12507.59451,12020.58264,10851.95413,10734.37997,10464.1014,9400.778214,9103.043375,8561.070948,9661.235975,
Tuvalu,TUV,3043.052234,3663.12725,3624.988042,3537.048335,3556.261118,3384.357776,3836.112926,4175.993524,4401.131201,4949.173888,4973.774561,5632.002993,
Tanzania,TZA,730.8132935,768.9334717,854.5432129,955.2189331,1012.766907,928.8064575,942.4729614,976.2122192,1010.937622,1052.021729,1042.09668,1099.287598,
Uganda,UGA,824.7376784,837.0958831,796.711135,819.7578809,897.5097424,864.1800623,753.6844086,766.1776058,793.1280811,823.1389505,846.7672013,883.8920323,
Ukraine,UKR,3078.429932,3704.824951,4004.804443,4187.739746,3104.643311,2124.662354,2187.730469,2638.326172,3096.561768,3661.456299,3751.740723,4835.571777,
Upper middle income,UMC,6290.110099,7546.03031,8021.73367,8538.428766,8730.059934,8132.28571,8025.2348,8820.949493,9435.780828,9534.005113,9157.820016,10828.05069,
Uruguay,URY,12015.70985,14267.58431,15206.87262,17015.13476,16875.50619,15655.937,16766.42526,18769.78752,18825.28381,17859.9315,15619.54266,17313.18835,
United States,USA,48650.64313,50065.9665,51784.41857,53291.12769,55123.84979,56762.72945,57866.74493,59907.75426,62823.30944,65120.39466,63530.63348,70248.629,
Uzbekistan,UZB,1742.349256,2051.129515,2267.623275,2419.718703,2628.460008,2753.971072,2704.677188,1916.764642,1597.068337,1784.009816,1749.655815,1983.064723,
St. Vincent and the Grenadines,VCT,6590.989579,6566.482713,6754.370184,7117.554763,7210.616623,7386.737595,7684.779208,8030.585057,8399.694011,8674.371009,8335.256476,8666.387041,
"Venezuela, RB",VEN,13692.91497,10877.11236,12937.9276,12433.98079,15975.72938,,,,,,,,
British Virgin Islands,VGB,,,,,,,,,,,,,
Virgin Islands (U.S.),VIR,39905.12842,38997.13732,37795.31926,34597.97669,33045.36438,34007.35294,35324.97489,35365.0693,36653.86305,38596.03071,39552.1686,,
Vietnam,VNM,1684.011664,1953.556979,2190.232284,2367.499539,2558.778924,2595.234979,2760.717105,2992.071742,3267.225009,3491.091274,3586.347302,3756.489121,
Vanuatu,VUT,2732.552497,3064.75007,2906.342461,2877.444528,2861.202182,2643.886085,2757.203306,3032.197958,3076.835315,3076.589886,2877.520173,2996.621062,
World,WLD,9556.544778,10470.98778,10572.95767,10735.12902,10896.14503,10153.5813,10206.89228,10742.65046,11285.49764,11320.91588,10883.07605,12236.61574,
Samoa,WSM,3494.341524,3789.666679,3902.391701,3989.860174,3948.801128,4048.513876,4105.834468,4261.653789,4188.988532,4308.272753,4042.751224,3857.318464,
Kosovo,XKX,3009.559334,3540.891789,3410.85978,3704.784221,3902.676013,3520.766449,3759.560246,4009.380987,4384.048892,4416.108358,4310.811183,5269.783901,
"Yemen, Rep.",YEM,1249.063085,1284.617635,1349.990295,1497.747941,1557.601406,1488.416482,1069.817122,893.7165729,701.7148778,,,,
South Africa,ZAF,8059.587017,8737.079774,8173.869138,7441.230854,6965.137897,6204.929901,5735.066787,6734.475153,7048.522211,6688.787271,5741.643129,7055.044776,
Zambia,ZMB,1469.36145,1644.456831,1729.647471,1840.320553,1724.57622,1307.909649,1249.923143,1495.752138,1475.204538,1268.120941,956.8313639,1137.343633,
Zimbabwe,ZWE,937.8403384,1082.615774,1290.193956,1408.36781,1407.034293,1410.329174,1421.787789,1192.107012,2269.177012,1421.868596,1372.696674,1773.920411,
